letters:0,prose_miscellaneous_or_technical_treatise_or_oratory_or_history_or_philosophy:1
Filename,Genre
tesserae/texts/grc/achilles_tatius.leucippe_et_clitophon.tess,1
tesserae/texts/grc/aelian.de_natura_animalium.tess,1
tesserae/texts/grc/aelian.epistulae_rusticae.tess,0
tesserae/texts/grc/aelian.varia_historia.tess,1
tesserae/texts/grc/aelius_aristides.ars_rhetorica.tess,1
tesserae/texts/grc/aelius_aristides.orationes.tess,1
tesserae/texts/grc/aeschines.against_ctesiphon.tess,1
tesserae/texts/grc/aeschines.against_timarchus.tess,1
tesserae/texts/grc/aeschines.on_the_embassy.tess,1
tesserae/texts/grc/andocides.against_alcibiades.tess,1
tesserae/texts/grc/andocides.on_his_return.tess,1
tesserae/texts/grc/andocides.on_the_mysteries.tess,1
tesserae/texts/grc/andocides.on_the_peace.tess,1
tesserae/texts/grc/antiphon.speeches.tess,1
tesserae/texts/grc/antiphon.speeches/antiphon.speeches.part.1.against_the_stepmother_for_poisoning.tess,1
tesserae/texts/grc/antiphon.speeches/antiphon.speeches.part.2.first_tetralogy.tess,1
tesserae/texts/grc/antiphon.speeches/antiphon.speeches.part.3.second_tetralogy.tess,1
tesserae/texts/grc/antiphon.speeches/antiphon.speeches.part.4.third_tetralogy.tess,1
tesserae/texts/grc/antiphon.speeches/antiphon.speeches.part.5.on_the_murder_of_herodes.tess,1
tesserae/texts/grc/antiphon.speeches/antiphon.speeches.part.6.on_the_choreutes.tess,1
tesserae/texts/grc/apollodorus.epitome.tess,1
tesserae/texts/grc/apollodorus.library.tess,1
tesserae/texts/grc/appian.civil_wars.tess,1
tesserae/texts/grc/appian.civil_wars/appian.civil_wars.part.1.tess,1
tesserae/texts/grc/appian.civil_wars/appian.civil_wars.part.2.tess,1
tesserae/texts/grc/appian.civil_wars/appian.civil_wars.part.3.tess,1
tesserae/texts/grc/appian.civil_wars/appian.civil_wars.part.4.tess,1
tesserae/texts/grc/appian.civil_wars/appian.civil_wars.part.5.tess,1
tesserae/texts/grc/aretaeus.curatione_acutorum_morbum.tess,1
tesserae/texts/grc/aretaeus.signorum_acutorum_morbum.tess,1
tesserae/texts/grc/aristotle.constitution.tess,1
tesserae/texts/grc/aristotle.economics.tess,1
tesserae/texts/grc/aristotle.eudemian_ethics.tess,1
tesserae/texts/grc/aristotle.metaphysics.tess,1
tesserae/texts/grc/aristotle.nicomachean_ethics.tess,1
tesserae/texts/grc/aristotle.poetics.tess,1
tesserae/texts/grc/aristotle.politics.tess,1
tesserae/texts/grc/aristotle.rhetoric.tess,1
tesserae/texts/grc/aristotle.virtues_and_vices.tess,1
tesserae/texts/grc/athenaeus.deipnosophists.tess,1
tesserae/texts/grc/barnabas.barnabae_epistulae.tess,0
tesserae/texts/grc/basil_of_caesarea.de_legendis.tess,1
tesserae/texts/grc/basil_of_caesarea.epistulae.tess,0
tesserae/texts/grc/callistratus.statuarum_descriptiones.tess,1
tesserae/texts/grc/chariton.de_chaerea.tess,1
tesserae/texts/grc/clement.exhortation.tess,1
tesserae/texts/grc/clement.protrepticus.tess,1
tesserae/texts/grc/clement.quis_dis_salvetur.tess,1
tesserae/texts/grc/demades.on_the_twelve_years.tess,1
tesserae/texts/grc/demetrius.elocutione.tess,1
tesserae/texts/grc/demosthenes.against_androtion.tess,1
tesserae/texts/grc/demosthenes.against_apatourius.tess,1
tesserae/texts/grc/demosthenes.against_aphobus_1.tess,1
tesserae/texts/grc/demosthenes.against_aphobus_2.tess,1
tesserae/texts/grc/demosthenes.against_aphobus_3.tess,1
tesserae/texts/grc/demosthenes.against_aristocrates.tess,1
tesserae/texts/grc/demosthenes.against_aristogiton_1.tess,1
tesserae/texts/grc/demosthenes.against_aristogiton_2.tess,1
tesserae/texts/grc/demosthenes.against_boeotus_1.tess,1
tesserae/texts/grc/demosthenes.against_boeotus_2.tess,1
tesserae/texts/grc/demosthenes.against_callicles.tess,1
tesserae/texts/grc/demosthenes.against_callippus.tess,1
tesserae/texts/grc/demosthenes.against_conon.tess,1
tesserae/texts/grc/demosthenes.against_dionysodorus.tess,1
tesserae/texts/grc/demosthenes.against_eubulides.tess,1
tesserae/texts/grc/demosthenes.against_evergus_and_mnesibulus.tess,1
tesserae/texts/grc/demosthenes.against_lacritus.tess,1
tesserae/texts/grc/demosthenes.against_leochares.tess,1
tesserae/texts/grc/demosthenes.against_leptines.tess,1
tesserae/texts/grc/demosthenes.against_macartatus.tess,1
tesserae/texts/grc/demosthenes.against_midias.tess,1
tesserae/texts/grc/demosthenes.against_nausimachus_and_xenopeithes.tess,1
tesserae/texts/grc/demosthenes.against_neaera.tess,1
tesserae/texts/grc/demosthenes.against_nicostratus.tess,1
tesserae/texts/grc/demosthenes.against_olympiodorus.tess,1
tesserae/texts/grc/demosthenes.against_onetor_30.tess,1
tesserae/texts/grc/demosthenes.against_onetor_31.tess,1
tesserae/texts/grc/demosthenes.against_pantaenetus.tess,1
tesserae/texts/grc/demosthenes.against_phaenippus.tess,1
tesserae/texts/grc/demosthenes.against_phormio.tess,1
tesserae/texts/grc/demosthenes.against_polycles.tess,1
tesserae/texts/grc/demosthenes.against_spudias.tess,1
tesserae/texts/grc/demosthenes.against_stephanus_1.tess,1
tesserae/texts/grc/demosthenes.against_stephanus_2.tess,1
tesserae/texts/grc/demosthenes.against_theocrines.tess,1
tesserae/texts/grc/demosthenes.against_timocrates.tess,1
tesserae/texts/grc/demosthenes.against_timotheus.tess,1
tesserae/texts/grc/demosthenes.against_zenothemis.tess,1
tesserae/texts/grc/demosthenes.erotic_essay.tess,1
tesserae/texts/grc/demosthenes.exordia.tess,1
tesserae/texts/grc/demosthenes.for_phormio.tess,1
tesserae/texts/grc/demosthenes.for_the_megalopitans.tess,1
tesserae/texts/grc/demosthenes.funeral_speech.tess,1
tesserae/texts/grc/demosthenes.letters.tess,0
tesserae/texts/grc/demosthenes.olynthiac_1.tess,1
tesserae/texts/grc/demosthenes.olynthiac_2.tess,1
tesserae/texts/grc/demosthenes.olynthiac_3.tess,1
tesserae/texts/grc/demosthenes.on_organization.tess,1
tesserae/texts/grc/demosthenes.on_the_accession_of_alexander.tess,1
tesserae/texts/grc/demosthenes.on_the_chersonese.tess,1
tesserae/texts/grc/demosthenes.on_the_crown.tess,1
tesserae/texts/grc/demosthenes.on_the_false_embassy.tess,1
tesserae/texts/grc/demosthenes.on_the_halonnesus.tess,1
tesserae/texts/grc/demosthenes.on_the_liberty_of_the_rhodians.tess,1
tesserae/texts/grc/demosthenes.on_the_navy.tess,1
tesserae/texts/grc/demosthenes.on_the_peace.tess,1
tesserae/texts/grc/demosthenes.on_the_trierarchic_crown.tess,1
tesserae/texts/grc/demosthenes.philip.tess,1
tesserae/texts/grc/demosthenes.philippic_1.tess,1
tesserae/texts/grc/demosthenes.philippic_2.tess,1
tesserae/texts/grc/demosthenes.philippic_3.tess,1
tesserae/texts/grc/demosthenes.philippic_4.tess,1
tesserae/texts/grc/demosthenes.reply_to_philip.tess,1
tesserae/texts/grc/dinarchus.against_aristogiton.tess,1
tesserae/texts/grc/dinarchus.against_demosthenes.tess,1
tesserae/texts/grc/dinarchus.against_philocles.tess,1
tesserae/texts/grc/dionysius_halicarnassensis.ad_ammaeum.tess,0
tesserae/texts/grc/dionysius_halicarnassensis.antiquitates_romanae.tess,1
tesserae/texts/grc/dionysius_halicarnassensis.antiquitates_romanae/dionysius_halicarnassensis.antiquitates_romanae.part.1.tess,1
tesserae/texts/grc/dionysius_halicarnassensis.antiquitates_romanae/dionysius_halicarnassensis.antiquitates_romanae.part.10.tess,1
tesserae/texts/grc/dionysius_halicarnassensis.antiquitates_romanae/dionysius_halicarnassensis.antiquitates_romanae.part.11.tess,1
tesserae/texts/grc/dionysius_halicarnassensis.antiquitates_romanae/dionysius_halicarnassensis.antiquitates_romanae.part.12.books_12-20.tess,1
tesserae/texts/grc/dionysius_halicarnassensis.antiquitates_romanae/dionysius_halicarnassensis.antiquitates_romanae.part.2.tess,1
tesserae/texts/grc/dionysius_halicarnassensis.antiquitates_romanae/dionysius_halicarnassensis.antiquitates_romanae.part.3.tess,1
tesserae/texts/grc/dionysius_halicarnassensis.antiquitates_romanae/dionysius_halicarnassensis.antiquitates_romanae.part.4.tess,1
tesserae/texts/grc/dionysius_halicarnassensis.antiquitates_romanae/dionysius_halicarnassensis.antiquitates_romanae.part.5.tess,1
tesserae/texts/grc/dionysius_halicarnassensis.antiquitates_romanae/dionysius_halicarnassensis.antiquitates_romanae.part.6.tess,1
tesserae/texts/grc/dionysius_halicarnassensis.antiquitates_romanae/dionysius_halicarnassensis.antiquitates_romanae.part.7.tess,1
tesserae/texts/grc/dionysius_halicarnassensis.antiquitates_romanae/dionysius_halicarnassensis.antiquitates_romanae.part.8.tess,1
tesserae/texts/grc/dionysius_halicarnassensis.antiquitates_romanae/dionysius_halicarnassensis.antiquitates_romanae.part.9.tess,1
tesserae/texts/grc/dionysius_halicarnassensis.de_antiquis_oratoribus.tess,1
tesserae/texts/grc/dionysius_halicarnassensis.de_compositione_verborum.tess,1
tesserae/texts/grc/dionysius_halicarnassensis.de_demosthene.tess,1
tesserae/texts/grc/dionysius_halicarnassensis.de_dinarcho.tess,1
tesserae/texts/grc/dionysius_halicarnassensis.de_isaeo.tess,1
tesserae/texts/grc/dionysius_halicarnassensis.de_isocrate.tess,1
tesserae/texts/grc/dionysius_halicarnassensis.de_lysia.tess,1
tesserae/texts/grc/dionysius_halicarnassensis.de_thucydide.tess,1
tesserae/texts/grc/dionysius_halicarnassensis.de_thucydidis_idiomatibus.tess,1
tesserae/texts/grc/dionysius_halicarnassensis.epistula_ad_pompeium.tess,0
tesserae/texts/grc/dionysius_halicarnassensis.libri_secundi_de_antiquis_oratoribus_reliquiae.tess,1
tesserae/texts/grc/epictetus.discourses.tess,1
tesserae/texts/grc/epictetus.enchiridion.tess,1
tesserae/texts/grc/epictetus.fragments.tess,1
tesserae/texts/grc/euclid.elements.tess,1
tesserae/texts/grc/eusebius_caesarea.historia_ecclesiastica.tess,1
tesserae/texts/grc/eusebius_caesarea.historia_ecclesiastica/eusebius_caesarea.historia_ecclesiastica.part.1.tess,1
tesserae/texts/grc/eusebius_caesarea.historia_ecclesiastica/eusebius_caesarea.historia_ecclesiastica.part.10.tess,1
tesserae/texts/grc/eusebius_caesarea.historia_ecclesiastica/eusebius_caesarea.historia_ecclesiastica.part.2.tess,1
tesserae/texts/grc/eusebius_caesarea.historia_ecclesiastica/eusebius_caesarea.historia_ecclesiastica.part.3.tess,1
tesserae/texts/grc/eusebius_caesarea.historia_ecclesiastica/eusebius_caesarea.historia_ecclesiastica.part.4.tess,1
tesserae/texts/grc/eusebius_caesarea.historia_ecclesiastica/eusebius_caesarea.historia_ecclesiastica.part.5.tess,1
tesserae/texts/grc/eusebius_caesarea.historia_ecclesiastica/eusebius_caesarea.historia_ecclesiastica.part.6.tess,1
tesserae/texts/grc/eusebius_caesarea.historia_ecclesiastica/eusebius_caesarea.historia_ecclesiastica.part.7.tess,1
tesserae/texts/grc/eusebius_caesarea.historia_ecclesiastica/eusebius_caesarea.historia_ecclesiastica.part.8.tess,1
tesserae/texts/grc/eusebius_caesarea.historia_ecclesiastica/eusebius_caesarea.historia_ecclesiastica.part.9.tess,1
tesserae/texts/grc/flavius_josephus.antiquitates_judaicae.tess,1
tesserae/texts/grc/flavius_josephus.antiquitates_judaicae/flavius_josephus.antiquitates_judaicae.part.1.tess,1
tesserae/texts/grc/flavius_josephus.antiquitates_judaicae/flavius_josephus.antiquitates_judaicae.part.10.tess,1
tesserae/texts/grc/flavius_josephus.antiquitates_judaicae/flavius_josephus.antiquitates_judaicae.part.11.tess,1
tesserae/texts/grc/flavius_josephus.antiquitates_judaicae/flavius_josephus.antiquitates_judaicae.part.12.tess,1
tesserae/texts/grc/flavius_josephus.antiquitates_judaicae/flavius_josephus.antiquitates_judaicae.part.13.tess,1
tesserae/texts/grc/flavius_josephus.antiquitates_judaicae/flavius_josephus.antiquitates_judaicae.part.14.tess,1
tesserae/texts/grc/flavius_josephus.antiquitates_judaicae/flavius_josephus.antiquitates_judaicae.part.15.tess,1
tesserae/texts/grc/flavius_josephus.antiquitates_judaicae/flavius_josephus.antiquitates_judaicae.part.16.tess,1
tesserae/texts/grc/flavius_josephus.antiquitates_judaicae/flavius_josephus.antiquitates_judaicae.part.17.tess,1
tesserae/texts/grc/flavius_josephus.antiquitates_judaicae/flavius_josephus.antiquitates_judaicae.part.18.tess,1
tesserae/texts/grc/flavius_josephus.antiquitates_judaicae/flavius_josephus.antiquitates_judaicae.part.19.tess,1
tesserae/texts/grc/flavius_josephus.antiquitates_judaicae/flavius_josephus.antiquitates_judaicae.part.2.tess,1
tesserae/texts/grc/flavius_josephus.antiquitates_judaicae/flavius_josephus.antiquitates_judaicae.part.20.tess,1
tesserae/texts/grc/flavius_josephus.antiquitates_judaicae/flavius_josephus.antiquitates_judaicae.part.3.tess,1
tesserae/texts/grc/flavius_josephus.antiquitates_judaicae/flavius_josephus.antiquitates_judaicae.part.4.tess,1
tesserae/texts/grc/flavius_josephus.antiquitates_judaicae/flavius_josephus.antiquitates_judaicae.part.5.tess,1
tesserae/texts/grc/flavius_josephus.antiquitates_judaicae/flavius_josephus.antiquitates_judaicae.part.6.tess,1
tesserae/texts/grc/flavius_josephus.antiquitates_judaicae/flavius_josephus.antiquitates_judaicae.part.7.tess,1
tesserae/texts/grc/flavius_josephus.antiquitates_judaicae/flavius_josephus.antiquitates_judaicae.part.8.tess,1
tesserae/texts/grc/flavius_josephus.antiquitates_judaicae/flavius_josephus.antiquitates_judaicae.part.9.tess,1
tesserae/texts/grc/flavius_josephus.contra_apionem.tess,1
tesserae/texts/grc/flavius_josephus.contra_apionem/flavius_josephus.contra_apionem.part.1.tess,1
tesserae/texts/grc/flavius_josephus.contra_apionem/flavius_josephus.contra_apionem.part.2.tess,1
tesserae/texts/grc/flavius_josephus.de_bello_judaico_libri_vii.tess,1
tesserae/texts/grc/flavius_josephus.de_bello_judaico_libri_vii/flavius_josephus.de_bello_judaico_libri_vii.part.1.tess,1
tesserae/texts/grc/flavius_josephus.de_bello_judaico_libri_vii/flavius_josephus.de_bello_judaico_libri_vii.part.2.tess,1
tesserae/texts/grc/flavius_josephus.de_bello_judaico_libri_vii/flavius_josephus.de_bello_judaico_libri_vii.part.3.tess,1
tesserae/texts/grc/flavius_josephus.de_bello_judaico_libri_vii/flavius_josephus.de_bello_judaico_libri_vii.part.4.tess,1
tesserae/texts/grc/flavius_josephus.de_bello_judaico_libri_vii/flavius_josephus.de_bello_judaico_libri_vii.part.5.tess,1
tesserae/texts/grc/flavius_josephus.de_bello_judaico_libri_vii/flavius_josephus.de_bello_judaico_libri_vii.part.6.tess,1
tesserae/texts/grc/flavius_josephus.de_bello_judaico_libri_vii/flavius_josephus.de_bello_judaico_libri_vii.part.7.tess,1
tesserae/texts/grc/flavius_josephus.josephi_vita.tess,1
tesserae/texts/grc/galen.natural_faculties.tess,1
tesserae/texts/grc/galen.natural_faculties/galen.natural_faculties.part.1.tess,1
tesserae/texts/grc/galen.natural_faculties/galen.natural_faculties.part.2.tess,1
tesserae/texts/grc/galen.natural_faculties/galen.natural_faculties.part.3.tess,1
tesserae/texts/grc/herodotus.histories.tess,1
tesserae/texts/grc/herodotus.histories/herodotus.histories.part.1.tess,1
tesserae/texts/grc/herodotus.histories/herodotus.histories.part.2.tess,1
tesserae/texts/grc/herodotus.histories/herodotus.histories.part.3.tess,1
tesserae/texts/grc/herodotus.histories/herodotus.histories.part.4.tess,1
tesserae/texts/grc/herodotus.histories/herodotus.histories.part.5.tess,1
tesserae/texts/grc/herodotus.histories/herodotus.histories.part.6.tess,1
tesserae/texts/grc/herodotus.histories/herodotus.histories.part.7.tess,1
tesserae/texts/grc/herodotus.histories/herodotus.histories.part.8.tess,1
tesserae/texts/grc/herodotus.histories/herodotus.histories.part.9.tess,1
tesserae/texts/grc/hippocrates.de_aere_aquis_et_locis.tess,1
tesserae/texts/grc/hippocrates.de_alimento.tess,1
tesserae/texts/grc/hippocrates.de_morbis_popularibus.tess,1
tesserae/texts/grc/hippocrates.de_prisca_medicina.tess,1
tesserae/texts/grc/hippocrates.jusjurandum.tess,1
tesserae/texts/grc/hyperides.speeches.tess,1
tesserae/texts/grc/hyperides.speeches/hyperides.speeches.part.1.tess,1
tesserae/texts/grc/hyperides.speeches/hyperides.speeches.part.2.tess,1
tesserae/texts/grc/hyperides.speeches/hyperides.speeches.part.3.tess,1
tesserae/texts/grc/hyperides.speeches/hyperides.speeches.part.4.tess,1
tesserae/texts/grc/hyperides.speeches/hyperides.speeches.part.5.tess,1
tesserae/texts/grc/hyperides.speeches/hyperides.speeches.part.6.tess,1
tesserae/texts/grc/isaeus.speeches.tess,1
tesserae/texts/grc/isaeus.speeches/isaeus.speeches.part.1.tess,1
tesserae/texts/grc/isaeus.speeches/isaeus.speeches.part.10.tess,1
tesserae/texts/grc/isaeus.speeches/isaeus.speeches.part.11.tess,1
tesserae/texts/grc/isaeus.speeches/isaeus.speeches.part.12.tess,1
tesserae/texts/grc/isaeus.speeches/isaeus.speeches.part.2.tess,1
tesserae/texts/grc/isaeus.speeches/isaeus.speeches.part.3.tess,1
tesserae/texts/grc/isaeus.speeches/isaeus.speeches.part.4.tess,1
tesserae/texts/grc/isaeus.speeches/isaeus.speeches.part.5.tess,1
tesserae/texts/grc/isaeus.speeches/isaeus.speeches.part.6.tess,1
tesserae/texts/grc/isaeus.speeches/isaeus.speeches.part.7.tess,1
tesserae/texts/grc/isaeus.speeches/isaeus.speeches.part.8.tess,1
tesserae/texts/grc/isaeus.speeches/isaeus.speeches.part.9.tess,1
tesserae/texts/grc/isocrates.letters.tess,0
tesserae/texts/grc/isocrates.letters/isocrates.letters.part.1.tess,0
tesserae/texts/grc/isocrates.letters/isocrates.letters.part.2.tess,0
tesserae/texts/grc/isocrates.letters/isocrates.letters.part.3.tess,0
tesserae/texts/grc/isocrates.letters/isocrates.letters.part.4.tess,0
tesserae/texts/grc/isocrates.letters/isocrates.letters.part.5.tess,0
tesserae/texts/grc/isocrates.letters/isocrates.letters.part.6.tess,0
tesserae/texts/grc/isocrates.letters/isocrates.letters.part.7.tess,0
tesserae/texts/grc/isocrates.letters/isocrates.letters.part.8.tess,0
tesserae/texts/grc/isocrates.letters/isocrates.letters.part.9.tess,0
tesserae/texts/grc/isocrates.speeches.tess,1
tesserae/texts/grc/isocrates.speeches/isocrates.speeches.part.1.tess,1
tesserae/texts/grc/isocrates.speeches/isocrates.speeches.part.10.tess,1
tesserae/texts/grc/isocrates.speeches/isocrates.speeches.part.11.tess,1
tesserae/texts/grc/isocrates.speeches/isocrates.speeches.part.12.tess,1
tesserae/texts/grc/isocrates.speeches/isocrates.speeches.part.13.tess,1
tesserae/texts/grc/isocrates.speeches/isocrates.speeches.part.14.tess,1
tesserae/texts/grc/isocrates.speeches/isocrates.speeches.part.15.tess,1
tesserae/texts/grc/isocrates.speeches/isocrates.speeches.part.16.tess,1
tesserae/texts/grc/isocrates.speeches/isocrates.speeches.part.17.tess,1
tesserae/texts/grc/isocrates.speeches/isocrates.speeches.part.18.tess,1
tesserae/texts/grc/isocrates.speeches/isocrates.speeches.part.19.tess,1
tesserae/texts/grc/isocrates.speeches/isocrates.speeches.part.2.tess,1
tesserae/texts/grc/isocrates.speeches/isocrates.speeches.part.20.tess,1
tesserae/texts/grc/isocrates.speeches/isocrates.speeches.part.21.tess,1
tesserae/texts/grc/isocrates.speeches/isocrates.speeches.part.3.tess,1
tesserae/texts/grc/isocrates.speeches/isocrates.speeches.part.4.tess,1
tesserae/texts/grc/isocrates.speeches/isocrates.speeches.part.5.tess,1
tesserae/texts/grc/isocrates.speeches/isocrates.speeches.part.6.tess,1
tesserae/texts/grc/isocrates.speeches/isocrates.speeches.part.7.tess,1
tesserae/texts/grc/isocrates.speeches/isocrates.speeches.part.8.tess,1
tesserae/texts/grc/isocrates.speeches/isocrates.speeches.part.9.tess,1
tesserae/texts/grc/lucian.abdicatus.tess,1
tesserae/texts/grc/lucian.adversus_indoctum_et_libros_multos_ementem.tess,1
tesserae/texts/grc/lucian.alexander.tess,1
tesserae/texts/grc/lucian.anacharsis.tess,1
tesserae/texts/grc/lucian.apologia.tess,1
tesserae/texts/grc/lucian.bacchus.tess,1
tesserae/texts/grc/lucian.bis_accusatus_sive_tribunalia.tess,1
tesserae/texts/grc/lucian.calumniae_non_temere_credundum.tess,1
tesserae/texts/grc/lucian.cataplus.tess,1
tesserae/texts/grc/lucian.contemplantes.tess,1
tesserae/texts/grc/lucian.de_astrologia.tess,1
tesserae/texts/grc/lucian.de_domo.tess,1
tesserae/texts/grc/lucian.de_luctu.tess,1
tesserae/texts/grc/lucian.de_mercede.tess,1
tesserae/texts/grc/lucian.de_morte_peregrini.tess,1
tesserae/texts/grc/lucian.de_parasito_sive_artem_esse_parasiticam.tess,1
tesserae/texts/grc/lucian.de_sacrificiis.tess,1
tesserae/texts/grc/lucian.de_saltatione.tess,1
tesserae/texts/grc/lucian.de_syria_dea.tess,1
tesserae/texts/grc/lucian.dearum_iudicium.tess,1
tesserae/texts/grc/lucian.demonax.tess,1
tesserae/texts/grc/lucian.deorum_consilium.tess,1
tesserae/texts/grc/lucian.dialogi_deorum.tess,1
tesserae/texts/grc/lucian.dialogi_marini.tess,1
tesserae/texts/grc/lucian.dialogi_meretricii.tess,1
tesserae/texts/grc/lucian.dialogi_mortuorum.tess,1
tesserae/texts/grc/lucian.dipsades.tess,1
tesserae/texts/grc/lucian.electrum.tess,1
tesserae/texts/grc/lucian.eunuchus.tess,1
tesserae/texts/grc/lucian.fugitivi.tess,1
tesserae/texts/grc/lucian.gallus.tess,1
tesserae/texts/grc/lucian.harmonides.tess,1
tesserae/texts/grc/lucian.hercules.tess,1
tesserae/texts/grc/lucian.hermotimus.tess,1
tesserae/texts/grc/lucian.herodotus.tess,1
tesserae/texts/grc/lucian.hesiod.tess,1
tesserae/texts/grc/lucian.hippias.tess,1
tesserae/texts/grc/lucian.icaromenippus.tess,1
tesserae/texts/grc/lucian.imagines.tess,1
tesserae/texts/grc/lucian.iudicium_vocalium.tess,1
tesserae/texts/grc/lucian.iuppiter_confuatus.tess,1
tesserae/texts/grc/lucian.iuppiter_tragoedus.tess,1
tesserae/texts/grc/lucian.lexiphanes.tess,1
tesserae/texts/grc/lucian.marcrobii.tess,1
tesserae/texts/grc/lucian.muscae_encomium.tess,1
tesserae/texts/grc/lucian.navigium.tess,1
tesserae/texts/grc/lucian.necyomantia.tess,1
tesserae/texts/grc/lucian.nigrinus.tess,1
tesserae/texts/grc/lucian.patriae_encomium.tess,1
tesserae/texts/grc/lucian.phalaris.tess,1
tesserae/texts/grc/lucian.philopseudes.tess,1
tesserae/texts/grc/lucian.piscator.tess,1
tesserae/texts/grc/lucian.pro_imaginibus.tess,1
tesserae/texts/grc/lucian.pro_lapsu_inter_salutandum.tess,1
tesserae/texts/grc/lucian.prometheus.tess,1
tesserae/texts/grc/lucian.prometheus_es_in_verbis.tess,1
tesserae/texts/grc/lucian.pseudologista.tess,1
tesserae/texts/grc/lucian.quomodo_historia_conscribenda_sit.tess,1
tesserae/texts/grc/lucian.rhetorum_praeceptor.tess,1
tesserae/texts/grc/lucian.saturnalia.tess,1
tesserae/texts/grc/lucian.scytha.tess,1
tesserae/texts/grc/lucian.soleocista.tess,1
tesserae/texts/grc/lucian.somnium.tess,1
tesserae/texts/grc/lucian.symposium.tess,1
tesserae/texts/grc/lucian.timon.tess,1
tesserae/texts/grc/lucian.toxaris_vel_amicitia.tess,1
tesserae/texts/grc/lucian.tyrannicida.tess,1
tesserae/texts/grc/lucian.verae_historiae.tess,1
tesserae/texts/grc/lucian.vitarum_auctio.tess,1
tesserae/texts/grc/lucian.zeuxis.tess,1
tesserae/texts/grc/lycurgus.against_leocrates.tess,1
tesserae/texts/grc/lysias.speeches.tess,1
tesserae/texts/grc/lysias.speeches/lysias.speeches.part.1.tess,1
tesserae/texts/grc/lysias.speeches/lysias.speeches.part.10.tess,1
tesserae/texts/grc/lysias.speeches/lysias.speeches.part.11.tess,1
tesserae/texts/grc/lysias.speeches/lysias.speeches.part.12.tess,1
tesserae/texts/grc/lysias.speeches/lysias.speeches.part.13.tess,1
tesserae/texts/grc/lysias.speeches/lysias.speeches.part.14.tess,1
tesserae/texts/grc/lysias.speeches/lysias.speeches.part.15.tess,1
tesserae/texts/grc/lysias.speeches/lysias.speeches.part.16.tess,1
tesserae/texts/grc/lysias.speeches/lysias.speeches.part.17.tess,1
tesserae/texts/grc/lysias.speeches/lysias.speeches.part.18.tess,1
tesserae/texts/grc/lysias.speeches/lysias.speeches.part.19.tess,1
tesserae/texts/grc/lysias.speeches/lysias.speeches.part.2.tess,1
tesserae/texts/grc/lysias.speeches/lysias.speeches.part.20.tess,1
tesserae/texts/grc/lysias.speeches/lysias.speeches.part.21.tess,1
tesserae/texts/grc/lysias.speeches/lysias.speeches.part.22.tess,1
tesserae/texts/grc/lysias.speeches/lysias.speeches.part.23.tess,1
tesserae/texts/grc/lysias.speeches/lysias.speeches.part.24.tess,1
tesserae/texts/grc/lysias.speeches/lysias.speeches.part.25.tess,1
tesserae/texts/grc/lysias.speeches/lysias.speeches.part.26.tess,1
tesserae/texts/grc/lysias.speeches/lysias.speeches.part.27.tess,1
tesserae/texts/grc/lysias.speeches/lysias.speeches.part.28.tess,1
tesserae/texts/grc/lysias.speeches/lysias.speeches.part.29.tess,1
tesserae/texts/grc/lysias.speeches/lysias.speeches.part.3.tess,1
tesserae/texts/grc/lysias.speeches/lysias.speeches.part.30.tess,1
tesserae/texts/grc/lysias.speeches/lysias.speeches.part.31.tess,1
tesserae/texts/grc/lysias.speeches/lysias.speeches.part.32.tess,1
tesserae/texts/grc/lysias.speeches/lysias.speeches.part.33.tess,1
tesserae/texts/grc/lysias.speeches/lysias.speeches.part.34.tess,1
tesserae/texts/grc/lysias.speeches/lysias.speeches.part.4.tess,1
tesserae/texts/grc/lysias.speeches/lysias.speeches.part.5.tess,1
tesserae/texts/grc/lysias.speeches/lysias.speeches.part.6.tess,1
tesserae/texts/grc/lysias.speeches/lysias.speeches.part.7.tess,1
tesserae/texts/grc/lysias.speeches/lysias.speeches.part.8.tess,1
tesserae/texts/grc/lysias.speeches/lysias.speeches.part.9.tess,1
tesserae/texts/grc/marcus_aurelius.m._antonius_imperator_ad_se_ipsum.tess,1
tesserae/texts/grc/pausanias.description_of_greece.tess,1
tesserae/texts/grc/pausanias.description_of_greece/pausanias.description_of_greece.part.1.tess,1
tesserae/texts/grc/pausanias.description_of_greece/pausanias.description_of_greece.part.10.tess,1
tesserae/texts/grc/pausanias.description_of_greece/pausanias.description_of_greece.part.2.tess,1
tesserae/texts/grc/pausanias.description_of_greece/pausanias.description_of_greece.part.3.tess,1
tesserae/texts/grc/pausanias.description_of_greece/pausanias.description_of_greece.part.4.tess,1
tesserae/texts/grc/pausanias.description_of_greece/pausanias.description_of_greece.part.5.tess,1
tesserae/texts/grc/pausanias.description_of_greece/pausanias.description_of_greece.part.6.tess,1
tesserae/texts/grc/pausanias.description_of_greece/pausanias.description_of_greece.part.7.tess,1
tesserae/texts/grc/pausanias.description_of_greece/pausanias.description_of_greece.part.8.tess,1
tesserae/texts/grc/pausanias.description_of_greece/pausanias.description_of_greece.part.9.tess,1
tesserae/texts/grc/philostratus_the_athenian.de_gymnastica.tess,1
tesserae/texts/grc/philostratus_the_athenian.epistulae_et_dialexeis.tess,0
tesserae/texts/grc/philostratus_the_athenian.heroicus.tess,1
tesserae/texts/grc/philostratus_the_athenian.vita_apollonii.tess,1
tesserae/texts/grc/philostratus_the_athenian.vita_apollonii/philostratus_the_athenian.vita_apollonii.part.1.tess,1
tesserae/texts/grc/philostratus_the_athenian.vita_apollonii/philostratus_the_athenian.vita_apollonii.part.2.tess,1
tesserae/texts/grc/philostratus_the_athenian.vita_apollonii/philostratus_the_athenian.vita_apollonii.part.3.tess,1
tesserae/texts/grc/philostratus_the_athenian.vita_apollonii/philostratus_the_athenian.vita_apollonii.part.4.tess,1
tesserae/texts/grc/philostratus_the_athenian.vita_apollonii/philostratus_the_athenian.vita_apollonii.part.5.tess,1
tesserae/texts/grc/philostratus_the_athenian.vita_apollonii/philostratus_the_athenian.vita_apollonii.part.6.tess,1
tesserae/texts/grc/philostratus_the_athenian.vita_apollonii/philostratus_the_athenian.vita_apollonii.part.7.tess,1
tesserae/texts/grc/philostratus_the_athenian.vita_apollonii/philostratus_the_athenian.vita_apollonii.part.8.tess,1
tesserae/texts/grc/philostratus_the_athenian.vitae_sophistarum.tess,1
tesserae/texts/grc/philostratus_the_lemnian.imagines.tess,1
tesserae/texts/grc/plato.alcibiades_1.tess,1
tesserae/texts/grc/plato.alcibiades_2.tess,1
tesserae/texts/grc/plato.apologia.tess,1
tesserae/texts/grc/plato.charmides.tess,1
tesserae/texts/grc/plato.cleitophon.tess,1
tesserae/texts/grc/plato.cratylus.tess,1
tesserae/texts/grc/plato.critias.tess,1
tesserae/texts/grc/plato.crito.tess,1
tesserae/texts/grc/plato.epinomis.tess,1
tesserae/texts/grc/plato.epistles.tess,0
tesserae/texts/grc/plato.epistles/plato.epistles.part.1.tess,0
tesserae/texts/grc/plato.epistles/plato.epistles.part.10.tess,0
tesserae/texts/grc/plato.epistles/plato.epistles.part.11.tess,0
tesserae/texts/grc/plato.epistles/plato.epistles.part.12.tess,0
tesserae/texts/grc/plato.epistles/plato.epistles.part.13.tess,0
tesserae/texts/grc/plato.epistles/plato.epistles.part.2.tess,0
tesserae/texts/grc/plato.epistles/plato.epistles.part.3.tess,0
tesserae/texts/grc/plato.epistles/plato.epistles.part.4.tess,0
tesserae/texts/grc/plato.epistles/plato.epistles.part.5.tess,0
tesserae/texts/grc/plato.epistles/plato.epistles.part.6.tess,0
tesserae/texts/grc/plato.epistles/plato.epistles.part.7.tess,0
tesserae/texts/grc/plato.epistles/plato.epistles.part.8.tess,0
tesserae/texts/grc/plato.epistles/plato.epistles.part.9.tess,0
tesserae/texts/grc/plato.erastai.tess,1
tesserae/texts/grc/plato.euthydemus.tess,1
tesserae/texts/grc/plato.euthyphro.tess,1
tesserae/texts/grc/plato.gorgias.tess,1
tesserae/texts/grc/plato.hipparchus.tess,1
tesserae/texts/grc/plato.hippias_maior.tess,1
tesserae/texts/grc/plato.hippias_minor.tess,1
tesserae/texts/grc/plato.ion.tess,1
tesserae/texts/grc/plato.laches.tess,1
tesserae/texts/grc/plato.leges.tess,1
tesserae/texts/grc/plato.leges/plato.leges.part.1.tess,1
tesserae/texts/grc/plato.leges/plato.leges.part.10.tess,1
tesserae/texts/grc/plato.leges/plato.leges.part.11.tess,1
tesserae/texts/grc/plato.leges/plato.leges.part.12.tess,1
tesserae/texts/grc/plato.leges/plato.leges.part.2.tess,1
tesserae/texts/grc/plato.leges/plato.leges.part.3.tess,1
tesserae/texts/grc/plato.leges/plato.leges.part.4.tess,1
tesserae/texts/grc/plato.leges/plato.leges.part.5.tess,1
tesserae/texts/grc/plato.leges/plato.leges.part.6.tess,1
tesserae/texts/grc/plato.leges/plato.leges.part.7.tess,1
tesserae/texts/grc/plato.leges/plato.leges.part.8.tess,1
tesserae/texts/grc/plato.leges/plato.leges.part.9.tess,1
tesserae/texts/grc/plato.lovers.tess,1
tesserae/texts/grc/plato.lysis.tess,1
tesserae/texts/grc/plato.menexenus.tess,1
tesserae/texts/grc/plato.meno.tess,1
tesserae/texts/grc/plato.minos.tess,1
tesserae/texts/grc/plato.parmenides.tess,1
tesserae/texts/grc/plato.phaedo.tess,1
tesserae/texts/grc/plato.phaedrus.tess,1
tesserae/texts/grc/plato.philebus.tess,1
tesserae/texts/grc/plato.protagoras.tess,1
tesserae/texts/grc/plato.respublica.tess,1
tesserae/texts/grc/plato.respublica/plato.respublica.part.1.tess,1
tesserae/texts/grc/plato.respublica/plato.respublica.part.10.tess,1
tesserae/texts/grc/plato.respublica/plato.respublica.part.2.tess,1
tesserae/texts/grc/plato.respublica/plato.respublica.part.3.tess,1
tesserae/texts/grc/plato.respublica/plato.respublica.part.4.tess,1
tesserae/texts/grc/plato.respublica/plato.respublica.part.5.tess,1
tesserae/texts/grc/plato.respublica/plato.respublica.part.6.tess,1
tesserae/texts/grc/plato.respublica/plato.respublica.part.7.tess,1
tesserae/texts/grc/plato.respublica/plato.respublica.part.8.tess,1
tesserae/texts/grc/plato.respublica/plato.respublica.part.9.tess,1
tesserae/texts/grc/plato.sophista.tess,1
tesserae/texts/grc/plato.statesman.tess,1
tesserae/texts/grc/plato.symposium.tess,1
tesserae/texts/grc/plato.theaetetus.tess,1
tesserae/texts/grc/plato.theages.tess,1
tesserae/texts/grc/plato.timaeus.tess,1
tesserae/texts/grc/plutarch.ad_principem_ineruditum.tess,1
tesserae/texts/grc/plutarch.adversus_colotem.tess,1
tesserae/texts/grc/plutarch.aemilius_paulus.tess,1
tesserae/texts/grc/plutarch.agesilaus.tess,1
tesserae/texts/grc/plutarch.agis.tess,1
tesserae/texts/grc/plutarch.alcibiades.tess,1
tesserae/texts/grc/plutarch.alexander.tess,1
tesserae/texts/grc/plutarch.amatoriae_narrationes.tess,1
tesserae/texts/grc/plutarch.amatorius.tess,1
tesserae/texts/grc/plutarch.an_recte_dictum_sit_latenter_esse_vivendum.tess,1
tesserae/texts/grc/plutarch.an_seni_respublica_gerenda_sit.tess,1
tesserae/texts/grc/plutarch.an_virtus_doceri_possit.tess,1
tesserae/texts/grc/plutarch.an_vitiositas_ad_infelicitatem_sufficia.tess,1
tesserae/texts/grc/plutarch.animine_an_corporis_affectiones_sint_piores.tess,1
tesserae/texts/grc/plutarch.antony.tess,1
tesserae/texts/grc/plutarch.apophthegmata_laconica.tess,1
tesserae/texts/grc/plutarch.aquane_an_ignis_sit_utilior.tess,1
tesserae/texts/grc/plutarch.aratus.tess,1
tesserae/texts/grc/plutarch.aristides.tess,1
tesserae/texts/grc/plutarch.artaxerxes.tess,1
tesserae/texts/grc/plutarch.bruta_animalia_ratione_uti.tess,1
tesserae/texts/grc/plutarch.brutus.tess,1
tesserae/texts/grc/plutarch.caesar.tess,1
tesserae/texts/grc/plutarch.caius_gracchus.tess,1
tesserae/texts/grc/plutarch.caius_marcius_coriolanus.tess,1
tesserae/texts/grc/plutarch.caius_marius.tess,1
tesserae/texts/grc/plutarch.camillus.tess,1
tesserae/texts/grc/plutarch.cato_minor.tess,1
tesserae/texts/grc/plutarch.cicero.tess,1
tesserae/texts/grc/plutarch.cimon.tess,1
tesserae/texts/grc/plutarch.cleomenes.tess,1
tesserae/texts/grc/plutarch.comparationis_aristophanes_et_menandri_compendium.tess,1
tesserae/texts/grc/plutarch.comparison_aegisalius_pompey.tess,1
tesserae/texts/grc/plutarch.comparison_agis_cleomenes_gracchi.tess,1
tesserae/texts/grc/plutarch.comparison_alcibiades_coriolanus.tess,1
tesserae/texts/grc/plutarch.comparison_aristides_cato.tess,1
tesserae/texts/grc/plutarch.comparison_demetrius_antony.tess,1
tesserae/texts/grc/plutarch.comparison_of_demosthenes_with_cicero.tess,1
tesserae/texts/grc/plutarch.comparison_of_dion_and_brutus.tess,1
tesserae/texts/grc/plutarch.comparison_of_lucullus_and_cimon.tess,1
tesserae/texts/grc/plutarch.comparison_of_lycurgus_and_numa.tess,1
tesserae/texts/grc/plutarch.comparison_of_lysander_sulla.tess,1
tesserae/texts/grc/plutarch.comparison_of_nicias_and_crassus.tess,1
tesserae/texts/grc/plutarch.comparison_of_pelopidas_and_marcellus.tess,1
tesserae/texts/grc/plutarch.comparison_of_pericles_and_fabius_maximus.tess,1
tesserae/texts/grc/plutarch.comparison_of_philopoemen_and_titus.tess,1
tesserae/texts/grc/plutarch.comparison_of_sertorius_and_eumenes.tess,1
tesserae/texts/grc/plutarch.comparison_of_solon_and_publicola.tess,1
tesserae/texts/grc/plutarch.comparison_of_theseus_and_romulus.tess,1
tesserae/texts/grc/plutarch.comparison_of_timoleon_and_aemilius.tess,1
tesserae/texts/grc/plutarch.conjugalia_praecepta.tess,1
tesserae/texts/grc/plutarch.consolatio_ad_apollonium.tess,1
tesserae/texts/grc/plutarch.consolatio_ad_uxorem.tess,1
tesserae/texts/grc/plutarch.crassus.tess,1
tesserae/texts/grc/plutarch.de_alexandri_magni_fortuna_aut_virtute.tess,1
tesserae/texts/grc/plutarch.de_amicorum_multitudine.tess,1
tesserae/texts/grc/plutarch.de_amore_prolis.tess,1
tesserae/texts/grc/plutarch.de_animae_procreatione_in_timaeo.tess,1
tesserae/texts/grc/plutarch.de_capienda_ex_inimicis_utilitate.tess,1
tesserae/texts/grc/plutarch.de_cohibenda_ira.tess,1
tesserae/texts/grc/plutarch.de_communibus_notitiis_adversus_stoicos.tess,1
tesserae/texts/grc/plutarch.de_cupiditate_divitiarum.tess,1
tesserae/texts/grc/plutarch.de_curiositate.tess,1
tesserae/texts/grc/plutarch.de_defectu_oraculorum.tess,1
tesserae/texts/grc/plutarch.de_e_delphos.tess,1
tesserae/texts/grc/plutarch.de_esu_carnium.tess,1
tesserae/texts/grc/plutarch.de_esu_carnium_2.tess,1
tesserae/texts/grc/plutarch.de_exilio.tess,1
tesserae/texts/grc/plutarch.de_faciae_quae_in_orbe_lunae_apparet.tess,1
tesserae/texts/grc/plutarch.de_fato.tess,1
tesserae/texts/grc/plutarch.de_fortuna.tess,1
tesserae/texts/grc/plutarch.de_fortuna_romanorum.tess,1
tesserae/texts/grc/plutarch.de_fraterno_amore.tess,1
tesserae/texts/grc/plutarch.de_garrulitate.tess,1
tesserae/texts/grc/plutarch.de_genio_socratis.tess,1
tesserae/texts/grc/plutarch.de_gloria_atheniensium.tess,1
tesserae/texts/grc/plutarch.de_herodoti_malignitate.tess,1
tesserae/texts/grc/plutarch.de_invidia_et_odio.tess,1
tesserae/texts/grc/plutarch.de_iside_et_osiride.tess,1
tesserae/texts/grc/plutarch.de_liberis_educandis.tess,1
tesserae/texts/grc/plutarch.de_primo_frigido.tess,1
tesserae/texts/grc/plutarch.de_pythiae_oraculis.tess,1
tesserae/texts/grc/plutarch.de_recta_ratione_audiendi.tess,1
tesserae/texts/grc/plutarch.de_se_ipsum_citra_invidiam_laudando.tess,1
tesserae/texts/grc/plutarch.de_sera_numinis_vindicta.tess,1
tesserae/texts/grc/plutarch.de_sollertia_animalium.tess,1
tesserae/texts/grc/plutarch.de_stoicorum_repugnantis.tess,1
tesserae/texts/grc/plutarch.de_superstitione.tess,1
tesserae/texts/grc/plutarch.de_tranquilitate_animi.tess,1
tesserae/texts/grc/plutarch.demetrius.tess,1
tesserae/texts/grc/plutarch.epitome_argumenti_stoicos.tess,1
tesserae/texts/grc/plutarch.epitome_libri_de_animae_procreatione.tess,1
tesserae/texts/grc/plutarch.fabius_maximus.tess,1
tesserae/texts/grc/plutarch.galba.tess,1
tesserae/texts/grc/plutarch.instituta_laconica.tess,1
tesserae/texts/grc/plutarch.lacaenarum_apophthegmata.tess,1
tesserae/texts/grc/plutarch.lucullus.tess,1
tesserae/texts/grc/plutarch.lycurgus.tess,1
tesserae/texts/grc/plutarch.marcellus.tess,1
tesserae/texts/grc/plutarch.marcus_cato.tess,1
tesserae/texts/grc/plutarch.maxime_cum_princibus_philsopho_esse_diserendum.tess,1
tesserae/texts/grc/plutarch.mulierum_virtutes.tess,1
tesserae/texts/grc/plutarch.nicias.tess,1
tesserae/texts/grc/plutarch.non_posse_suaviter_vivi_secundum_epicurum.tess,1
tesserae/texts/grc/plutarch.numa.tess,1
tesserae/texts/grc/plutarch.otho.tess,1
tesserae/texts/grc/plutarch.parallela_minora.tess,1
tesserae/texts/grc/plutarch.pelopidas.tess,1
tesserae/texts/grc/plutarch.pericles.tess,1
tesserae/texts/grc/plutarch.philopoemen.tess,1
tesserae/texts/grc/plutarch.phocion.tess,1
tesserae/texts/grc/plutarch.platonicae_quaestiones.tess,1
tesserae/texts/grc/plutarch.pompey.tess,1
tesserae/texts/grc/plutarch.praecepta_gerendae_reipublicae.tess,1
tesserae/texts/grc/plutarch.publicola.tess,1
tesserae/texts/grc/plutarch.pyrrhus.tess,1
tesserae/texts/grc/plutarch.quaestiones_convivales.tess,1
tesserae/texts/grc/plutarch.quaestiones_graecae.tess,1
tesserae/texts/grc/plutarch.quaestiones_naturales.tess,1
tesserae/texts/grc/plutarch.quaestiones_romanae.tess,1
tesserae/texts/grc/plutarch.quomodo_adolescens_poetas_audire_debeat.tess,1
tesserae/texts/grc/plutarch.quomodo_adulator_ab_amico_internoscatur.tess,1
tesserae/texts/grc/plutarch.quomodo_quis_suos_in_virtute_sentiat_profectus.tess,1
tesserae/texts/grc/plutarch.regum_et_imperatorum_apophthegmata.tess,1
tesserae/texts/grc/plutarch.romulus.tess,1
tesserae/texts/grc/plutarch.septem_sapientium_convivium.tess,1
tesserae/texts/grc/plutarch.sertorius.tess,1
tesserae/texts/grc/plutarch.solon.tess,1
tesserae/texts/grc/plutarch.sulla.tess,1
tesserae/texts/grc/plutarch.themistocles.tess,1
tesserae/texts/grc/plutarch.theseus.tess,1
tesserae/texts/grc/plutarch.tiberius_gracchus.tess,1
tesserae/texts/grc/plutarch.timoleon.tess,1
tesserae/texts/grc/plutarch.titus_flamininus.tess,1
tesserae/texts/grc/plutarch.vitae_decem_oratorum.tess,1
tesserae/texts/grc/polybius.histories.tess,1
tesserae/texts/grc/pseudo_plutarch.de_musica.tess,1
tesserae/texts/grc/pseudo_plutarch.placita_philosophorum.tess,1
tesserae/texts/grc/strabo.geography.tess,1
tesserae/texts/grc/strabo.geography/strabo.geography.part.1.tess,1
tesserae/texts/grc/strabo.geography/strabo.geography.part.10.tess,1
tesserae/texts/grc/strabo.geography/strabo.geography.part.11.tess,1
tesserae/texts/grc/strabo.geography/strabo.geography.part.12.tess,1
tesserae/texts/grc/strabo.geography/strabo.geography.part.13.tess,1
tesserae/texts/grc/strabo.geography/strabo.geography.part.14.tess,1
tesserae/texts/grc/strabo.geography/strabo.geography.part.15.tess,1
tesserae/texts/grc/strabo.geography/strabo.geography.part.16.tess,1
tesserae/texts/grc/strabo.geography/strabo.geography.part.17.tess,1
tesserae/texts/grc/strabo.geography/strabo.geography.part.2.tess,1
tesserae/texts/grc/strabo.geography/strabo.geography.part.3.tess,1
tesserae/texts/grc/strabo.geography/strabo.geography.part.4.tess,1
tesserae/texts/grc/strabo.geography/strabo.geography.part.5.tess,1
tesserae/texts/grc/strabo.geography/strabo.geography.part.6.tess,1
tesserae/texts/grc/strabo.geography/strabo.geography.part.7.tess,1
tesserae/texts/grc/strabo.geography/strabo.geography.part.8.tess,1
tesserae/texts/grc/strabo.geography/strabo.geography.part.9.tess,1
tesserae/texts/grc/theophrastus.characters.tess,1
tesserae/texts/grc/thucydides.peleponnesian_war.tess,1
tesserae/texts/grc/thucydides.peleponnesian_war/thucydides.peleponnesian_war.part.1.tess,1
tesserae/texts/grc/thucydides.peleponnesian_war/thucydides.peleponnesian_war.part.2.tess,1
tesserae/texts/grc/thucydides.peleponnesian_war/thucydides.peleponnesian_war.part.3.tess,1
tesserae/texts/grc/thucydides.peleponnesian_war/thucydides.peleponnesian_war.part.4.tess,1
tesserae/texts/grc/thucydides.peleponnesian_war/thucydides.peleponnesian_war.part.5.tess,1
tesserae/texts/grc/thucydides.peleponnesian_war/thucydides.peleponnesian_war.part.6.tess,1
tesserae/texts/grc/thucydides.peleponnesian_war/thucydides.peleponnesian_war.part.7.tess,1
tesserae/texts/grc/thucydides.peleponnesian_war/thucydides.peleponnesian_war.part.8.tess,1
tesserae/texts/grc/xenophon.anabasis.tess,1
